﻿employeeID,first name,last name,job description,job_type,is_remote_employee,salary,manager_id,employement_start_date,employement_end_date,effective_start_date,effective_end_date,is_first,is_last
1,Conor,Bautista,intern,part-time,0,500,10,20130901,null,20130901,20140505,1,0
1,Conor,Bautista,intern,part-time,0,500,9,20130901,null,20140506,20140820,0,1
2,Ella-May,Chadwick,data analyst,full-time,0,5000,11,20140101,null,20140101,20140819,1,0
2,Ella-May,Chadwick,data analyst,full-time,0,5000,11,20140101,20140828,20140820,20140820,0,1
3,Jack,Wise,master data architect,full-time,0,17000,7,20140825,null,20140820,20140820,1,1
